,mass A,,,
t,y,vy,ay,
0.000,1.316E-3,,
0.017,,,
0.034,,,
0.051,,,
0.068,,,
0.085,,,
0.102,,,
0.119,,,
0.136,,,
0.153,,,
0.170,,,
0.187,,,
0.205,,,
0.222,,,
0.239,,,
0.256,,,
0.273,,,
0.290,,,
0.307,,,
0.324,,,
0.341,,,
0.358,,,
0.375,,,
0.392,,,
0.409,,,
0.426,,,
0.443,,,
0.460,,,
0.477,,,
0.494,,,
0.511,,,
0.528,,,
0.545,,,
0.562,,,
0.579,,,
0.596,,,
0.614,,,
0.631,,,
0.648,,,
0.665,,,
0.682,-0.110,-0.184,
0.699,,,
0.716,,,
0.733,,,
0.750,,,
0.767,,,
0.784,,,
0.801,,,
0.818,,,
0.835,,,
0.852,,,
0.869,,,
0.886,,,
0.903,,,
0.920,,,
0.937,,,
0.954,,,
0.971,,,
0.988,,,
1.006,,,
1.023,,,
1.040,,,
1.057,,,
1.074,,,
1.091,,,
1.108,,,
1.125,,,
1.142,,,
1.159,,,
1.176,,,
1.193,,,
1.210,,,
1.227,,,
1.244,,,
1.261,,,
1.278,,,
1.295,,,
1.312,,,
1.329,,,
1.346,,,
1.363,-0.250,-0.173,9.084E-3
1.380,,,
1.397,,,
1.415,,,
1.432,,,
1.449,,,
1.466,,,
1.483,,,
1.500,,,
1.517,,,
1.534,,,
1.551,,,
1.568,,,
1.585,,,
1.602,,,
1.619,,,
1.636,,,
1.653,,,
1.670,,,
1.687,,,
1.704,,,
1.721,,,
1.738,,,
1.755,,,
1.772,,,
1.789,,,
1.806,,,
1.824,,,
1.841,,,
1.858,,,
1.875,,,
1.892,,,
1.909,,,
1.926,,,
1.943,,,
1.960,,,
1.977,,,
1.994,,,
2.011,,,
2.028,,,
2.045,-0.346,-0.157,-1.136E-2
2.062,,,
2.079,,,
2.096,,,
2.113,,,
2.130,,,
2.147,,,
2.164,,,
2.181,,,
2.198,,,
2.216,,,
2.233,,,
2.250,,,
2.267,,,
2.284,,,
2.301,,,
2.318,,,
2.335,,,
2.352,,,
2.369,,,
2.386,,,
2.403,,,
2.420,,,
2.437,,,
2.454,,,
2.471,,,
2.488,,,
2.505,,,
2.522,,,
2.539,,,
2.556,,,
2.573,,,
2.590,,,
2.607,,,
2.625,,,
2.642,,,
2.659,,,
2.676,,,
2.693,,,
2.710,,,
2.727,-0.464,-0.195,-1.817E-2
2.744,,,
2.761,,,
2.778,,,
2.795,,,
2.812,,,
2.829,,,
2.846,,,
2.863,,,
2.880,,,
2.897,,,
2.914,,,
2.931,,,
2.948,,,
2.965,,,
2.982,,,
2.999,,,
3.017,,,
3.034,,,
3.051,,,
3.068,,,
3.085,,,
3.102,,,
3.119,,,
3.136,,,
3.153,,,
3.170,,,
3.187,,,
3.204,,,
3.221,,,
3.238,,,
3.255,,,
3.272,,,
3.289,,,
3.306,,,
3.323,,,
3.340,,,
3.357,,,
3.374,,,
3.391,,,
3.408,-0.612,-0.190,2.498E-2
3.426,,,
3.443,,,
3.460,,,
3.477,,,
3.494,,,
3.511,,,
3.528,,,
3.545,,,
3.562,,,
3.579,,,
3.596,,,
3.613,,,
3.630,,,
3.647,,,
3.664,,,
3.681,,,
3.698,,,
3.715,,,
3.732,,,
3.749,,,
3.766,,,
3.783,,,
3.800,,,
3.818,,,
3.835,,,
3.852,,,
3.869,,,
3.886,,,
3.903,,,
3.920,,,
3.937,,,
3.954,,,
3.971,,,
3.988,,,
4.005,,,
4.022,,,
4.039,,,
4.056,,,
4.073,,,
4.090,-0.723,-0.152,3.634E-2
4.107,,,
4.124,,,
4.141,,,
4.158,,,
4.175,,,
4.192,,,
4.209,,,
4.227,,,
4.244,,,
4.261,,,
4.278,,,
4.295,,,
4.312,,,
4.329,,,
4.346,,,
4.363,,,
4.380,,,
4.397,,,
4.414,,,
4.431,,,
4.448,,,
4.465,,,
4.482,,,
4.499,,,
4.516,,,
4.533,,,
4.550,,,
4.567,,,
4.584,,,
4.601,,,
4.618,,,
4.636,,,
4.653,,,
4.670,,,
4.687,,,
4.704,,,
4.721,,,
4.738,,,
4.755,,,
4.772,-0.819,-0.141,0.000
4.789,,,
4.806,,,
4.823,,,
4.840,,,
4.857,,,
4.874,,,
4.891,,,
4.908,,,
4.925,,,
4.942,,,
4.959,,,
4.976,,,
4.993,,,
5.010,,,
5.028,,,
5.045,,,
5.062,,,
5.079,,,
5.096,,,
5.113,,,
5.130,,,
5.147,,,
5.164,,,
5.181,,,
5.198,,,
5.215,,,
5.232,,,
5.249,,,
5.266,,,
5.283,,,
5.300,,,
5.317,,,
5.334,,,
5.351,,,
5.368,,,
5.385,,,
5.402,,,
5.419,,,
5.437,,,
5.454,-0.915,-0.152,5.111E-15
5.471,,,
5.488,,,
5.505,,,
5.522,,,
5.539,,,
5.556,,,
5.573,,,
5.590,,,
5.607,,,
5.624,,,
5.641,,,
5.658,,,
5.675,,,
5.692,,,
5.709,,,
5.726,,,
5.743,,,
5.760,,,
5.777,,,
5.794,,,
5.811,,,
5.829,,,
5.846,,,
5.863,,,
5.880,,,
5.897,,,
5.914,,,
5.931,,,
5.948,,,
5.965,,,
5.982,,,
5.999,,,
6.016,,,
6.033,,,
6.050,,,
6.067,,,
6.084,,,
6.101,,,
6.118,,,
6.135,-1.026,-0.146,2.794E-2
6.152,,,
6.169,,,
6.186,,,
6.203,,,
6.220,,,
6.238,,,
6.255,,,
6.272,,,
6.289,,,
6.306,,,
6.323,,,
6.340,,,
6.357,,,
6.374,,,
6.391,,,
6.408,,,
6.425,,,
6.442,,,
6.459,,,
6.476,,,
6.493,,,
6.510,,,
6.527,,,
6.544,,,
6.561,,,
6.578,,,
6.595,,,
6.612,,,
6.630,,,
6.647,,,
6.664,,,
6.681,,,
6.698,,,
6.715,,,
6.732,,,
6.749,,,
6.766,,,
6.783,,,
6.800,,,
6.817,-1.114,-0.110,3.827E-2
6.834,,,
6.851,,,
6.868,,,
6.885,,,
6.902,,,
6.919,,,
6.936,,,
6.953,,,
6.970,,,
6.987,,,
7.004,,,
7.021,,,
7.039,,,
7.056,,,
7.073,,,
7.090,,,
7.107,,,
7.124,,,
7.141,,,
7.158,,,
7.175,,,
7.192,,,
7.209,,,
7.226,,,
7.243,,,
7.260,,,
7.277,,,
7.294,,,
7.311,,,
7.328,,,
7.345,,,
7.362,,,
7.379,,,
7.396,,,
7.413,,,
7.430,,,
7.448,,,
7.465,,,
7.482,,,
7.499,-1.176,-9.075E-2,-7.367E-3
7.516,,,
7.533,,,
7.550,,,
7.567,,,
7.584,,,
7.601,,,
7.618,,,
7.635,,,
7.652,,,
7.669,,,
7.686,,,
7.703,,,
7.720,,,
7.737,,,
7.754,,,
7.771,,,
7.788,,,
7.805,,,
7.822,,,
7.840,,,
7.857,,,
7.874,,,
7.891,,,
7.908,,,
7.925,,,
7.942,,,
7.959,,,
7.976,,,
7.993,,,
8.010,,,
8.027,,,
8.044,,,
8.061,,,
8.078,,,
8.095,,,
8.112,,,
8.129,,,
8.146,,,
8.163,,,
8.180,-1.238,-0.119,-2.293E-2
8.197,,,
8.214,,,
8.231,,,
8.249,,,
8.266,,,
8.283,,,
8.300,,,
8.317,,,
8.334,,,
8.351,,,
8.368,,,
8.385,,,
8.402,,,
8.419,,,
8.436,,,
8.453,,,
8.470,,,
8.487,,,
8.504,,,
8.521,,,
8.538,,,
8.555,,,
8.572,,,
8.589,,,
8.606,,,
8.623,,,
8.641,,,
8.658,,,
8.675,,,
8.692,,,
8.709,,,
8.726,,,
8.743,,,
8.760,,,
8.777,,,
8.794,,,
8.811,,,
8.828,,,
8.845,,,
8.862,-1.338,-0.132,9.991E-3
8.879,,,
8.896,,,
8.913,,,
8.930,,,
8.947,,,
8.964,,,
8.981,,,
8.998,,,
9.015,,,
9.032,,,
9.050,,,
9.067,,,
9.084,,,
9.101,,,
9.118,,,
9.135,,,
9.152,,,
9.169,,,
9.186,,,
9.203,,,
9.220,,,
9.237,,,
9.254,,,
9.271,,,
9.288,,,
9.305,,,
9.322,,,
9.339,,,
9.356,,,
9.373,,,
9.390,,,
9.407,,,
9.424,,,
9.442,,,
9.459,,,
9.476,,,
9.493,,,
9.510,,,
9.527,,,
9.544,-1.418,-9.969E-2,2.362E-2
9.561,,,
9.578,,,
9.595,,,
9.612,,,
9.629,,,
9.646,,,
9.663,,,
9.680,,,
9.697,,,
9.714,,,
9.731,,,
9.748,,,
9.765,,,
9.782,,,
9.799,,,
9.816,,,
9.833,,,
9.851,,,
9.868,,,
9.885,,,
9.902,,,
9.919,,,
9.936,,,
9.953,,,
9.970,,,
9.987,,,
10.004,,,
10.021,,,
10.038,,,
10.055,,,
10.072,,,
10.089,,,
10.106,,,
10.123,,,
10.140,,,
10.157,,,
10.174,,,
10.191,,,
10.208,,,
10.225,-1.474,-9.535E-2,-5.450E-3
10.242,,,
10.260,,,
10.277,,,
10.294,,,
10.311,,,
10.328,,,
10.345,,,
10.362,,,
10.379,,,
10.396,,,
10.413,,,
10.430,,,
10.447,,,
10.464,,,
10.481,,,
10.498,,,
10.515,,,
10.532,,,
10.549,,,
10.566,,,
10.583,,,
10.600,,,
10.617,,,
10.634,,,
10.652,,,
10.669,,,
10.686,,,
10.703,,,
10.720,,,
10.737,,,
10.754,,,
10.771,,,
10.788,,,
10.805,,,
10.822,,,
10.839,,,
10.856,,,
10.873,,,
10.890,,,
10.907,-1.548,-0.113,1.998E-2
10.924,,,
10.941,,,
10.958,,,
10.975,,,
10.992,,,
11.009,,,
11.026,,,
11.043,,,
11.061,,,
11.078,,,
11.095,,,
11.112,,,
11.129,,,
11.146,,,
11.163,,,
11.180,,,
11.197,,,
11.214,,,
11.231,,,
11.248,,,
11.265,,,
11.282,,,
11.299,,,
11.316,,,
11.333,,,
11.350,,,
11.367,,,
11.384,,,
11.401,,,
11.418,,,
11.435,,,
11.453,,,
11.470,,,
11.487,,,
11.504,,,
11.521,,,
11.538,,,
11.555,,,
11.572,,,
11.589,-1.628,-7.368E-2,1.817E-3
11.606,,,
11.623,,,
11.640,,,
11.657,,,
11.674,,,
11.691,,,
11.708,,,
11.725,,,
11.742,,,
11.759,,,
11.776,,,
11.793,,,
11.810,,,
11.827,,,
11.844,,,
11.862,,,
11.879,,,
11.896,,,
11.913,,,
11.930,,,
11.947,,,
11.964,,,
11.981,,,
11.998,,,
12.015,,,
12.032,,,
12.049,,,
12.066,,,
12.083,,,
12.100,,,
12.117,,,
12.134,,,
12.151,,,
12.168,,,
12.185,,,
12.202,,,
12.219,,,
12.236,,,
12.254,,,
12.271,-1.649,-8.885E-2,-1.907E-2
12.288,,,
12.305,,,
12.322,,,
12.339,,,
12.356,,,
12.373,,,
12.390,,,
12.407,,,
12.424,,,
12.441,,,
12.458,,,
12.475,,,
12.492,,,
12.509,,,
12.526,,,
12.543,,,
12.560,,,
12.577,,,
12.594,,,
12.611,,,
12.628,,,
12.645,,,
12.663,,,
12.680,,,
12.697,,,
12.714,,,
12.731,,,
12.748,,,
12.765,,,
12.782,,,
12.799,,,
12.816,,,
12.833,,,
12.850,,,
12.867,,,
12.884,,,
12.901,,,
12.918,,,
12.935,,,
12.952,-1.749,-0.126,-3.451E-2
12.969,,,
12.986,,,
13.003,,,
13.020,,,
13.037,,,
13.054,,,
13.072,,,
13.089,,,
13.106,,,
13.123,,,
13.140,,,
13.157,,,
13.174,,,
13.191,,,
13.208,,,
13.225,,,
13.242,,,
13.259,,,
13.276,,,
13.293,,,
13.310,,,
13.327,,,
13.344,,,
13.361,,,
13.378,,,
13.395,,,
13.412,,,
13.429,,,
13.446,,,
13.464,,,
13.481,,,
13.498,,,
13.515,,,
13.532,,,
13.549,,,
13.566,,,
13.583,,,
13.600,,,
13.617,,,
13.634,-1.820,-0.119,-9.083E-4
13.651,,,
13.668,,,
13.685,,,
13.702,,,
13.719,,,
13.736,,,
13.753,,,
13.770,,,
13.787,,,
13.804,,,
13.821,,,
13.838,,,
13.855,,,
13.873,,,
13.890,,,
13.907,,,
13.924,,,
13.941,,,
13.958,,,
13.975,,,
13.992,,,
14.009,,,
14.026,,,
14.043,,,
14.060,,,
14.077,,,
14.094,,,
14.111,,,
14.128,,,
14.145,,,
14.162,,,
14.179,,,
14.196,,,
14.213,,,
14.230,,,
14.247,,,
14.265,,,
14.282,,,
14.299,,,
14.316,-1.912,-0.134,-7.266E-3
14.333,,,
14.350,,,
14.367,,,
14.384,,,
14.401,,,
14.418,,,
14.435,,,
14.452,,,
14.469,,,
14.486,,,
14.503,,,
14.520,,,
14.537,,,
14.554,,,
14.571,,,
14.588,,,
14.605,,,
14.622,,,
14.639,,,
14.656,,,
14.674,,,
14.691,,,
14.708,,,
14.725,,,
14.742,,,
14.759,,,
14.776,,,
14.793,,,
14.810,,,
14.827,,,
14.844,,,
14.861,,,
14.878,,,
14.895,,,
14.912,,,
14.929,,,
14.946,,,
14.963,,,
14.980,,,
14.997,-2.003,-0.128,6.358E-3
15.014,,,
15.031,,,
15.048,,,
15.066,,,
15.083,,,
15.100,,,
15.117,,,
15.134,,,
15.151,,,
15.168,,,
15.185,,,
15.202,,,
15.219,,,
15.236,,,
15.253,,,
15.270,,,
15.287,,,
15.304,,,
15.321,,,
15.338,,,
15.355,,,
15.372,,,
15.389,,,
15.406,,,
15.423,,,
15.440,,,
15.457,,,
15.475,,,
15.492,,,
15.509,,,
15.526,,,
15.543,,,
15.560,,,
15.577,,,
15.594,,,
15.611,,,
15.628,,,
15.645,,,
15.662,,,
15.679,-2.086,-0.124,4.541E-3
15.696,,,
15.713,,,
15.730,,,
15.747,,,
15.764,,,
15.781,,,
15.798,,,
15.815,,,
15.832,,,
15.849,,,
15.866,,,
15.884,,,
15.901,,,
15.918,,,
15.935,,,
15.952,,,
15.969,,,
15.986,,,
16.003,,,
16.020,,,
16.037,,,
16.054,,,
16.071,,,
16.088,,,
16.105,,,
16.122,,,
16.139,,,
16.156,,,
16.173,,,
16.190,,,
16.207,,,
16.224,,,
16.241,,,
16.258,,,
16.276,,,
16.293,,,
16.310,,,
16.327,,,
16.344,,,
16.361,-2.172,-0.124,-9.083E-4
16.378,,,
16.395,,,
16.412,,,
16.429,,,
16.446,,,
16.463,,,
16.480,,,
16.497,,,
16.514,,,
16.531,,,
16.548,,,
16.565,,,
16.582,,,
16.599,,,
16.616,,,
16.633,,,
16.650,,,
16.667,,,
16.685,,,
16.702,,,
16.719,,,
16.736,,,
16.753,,,
16.770,,,
16.787,,,
16.804,,,
16.821,,,
16.838,,,
16.855,,,
16.872,,,
16.889,,,
16.906,,,
16.923,,,
16.940,,,
16.957,,,
16.974,,,
16.991,,,
17.008,,,
17.025,,,
17.042,-2.254,-0.124,2.725E-3
17.059,,,
17.077,,,
17.094,,,
17.111,,,
17.128,,,
17.145,,,
17.162,,,
17.179,,,
17.196,,,
17.213,,,
17.230,,,
17.247,,,
17.264,,,
17.281,,,
17.298,,,
17.315,,,
17.332,,,
17.349,,,
17.366,,,
17.383,,,
17.400,,,
17.417,,,
17.434,,,
17.451,,,
17.468,,,
17.486,,,
17.503,,,
17.520,,,
17.537,,,
17.554,,,
17.571,,,
17.588,,,
17.605,,,
17.622,,,
17.639,,,
17.656,,,
17.673,,,
17.690,,,
17.707,,,
17.724,-2.340,-0.121,-7.266E-3
17.741,,,
17.758,,,
17.775,,,
17.792,,,
17.809,,,
17.826,,,
17.843,,,
17.860,,,
17.878,,,
17.895,,,
17.912,,,
17.929,,,
17.946,,,
17.963,,,
17.980,,,
17.997,,,
18.014,,,
18.031,,,
18.048,,,
18.065,,,
18.082,,,
18.099,,,
18.116,,,
18.133,,,
18.150,,,
18.167,,,
18.184,,,
18.201,,,
18.218,,,
18.235,,,
18.252,,,
18.269,,,
18.287,,,
18.304,,,
18.321,,,
18.338,,,
18.355,,,
18.372,,,
18.389,,,
18.406,-2.420,-0.130,-1.453E-2
18.423,,,
18.440,,,
18.457,,,
18.474,,,
18.491,,,
18.508,,,
18.525,,,
18.542,,,
18.559,,,
18.576,,,
18.593,,,
18.610,,,
18.627,,,
18.644,,,
18.661,,,
18.678,,,
18.696,,,
18.713,,,
18.730,,,
18.747,,,
18.764,,,
18.781,,,
18.798,,,
18.815,,,
18.832,,,
18.849,,,
18.866,,,
18.883,,,
18.900,,,
18.917,,,
18.934,,,
18.951,,,
18.968,,,
18.985,,,
19.002,,,
19.019,,,
19.036,,,
19.053,,,
19.070,,,
19.088,-2.517,-0.145,-9.991E-3
19.105,,,
19.122,,,
19.139,,,
19.156,,,
19.173,,,
19.190,,,
19.207,,,
19.224,,,
19.241,,,
19.258,,,
19.275,,,
19.292,,,
19.309,,,
19.326,,,
19.343,,,
19.360,,,
19.377,,,
19.394,,,
19.411,,,
19.428,,,
19.445,,,
19.462,,,
19.479,,,
19.497,,,
19.514,,,
19.531,,,
19.548,,,
19.565,,,
19.582,,,
19.599,,,
19.616,,,
19.633,,,
19.650,,,
19.667,,,
19.684,,,
19.701,,,
19.718,,,
19.735,,,
19.752,,,
19.769,-2.618,-0.143,-9.083E-3
19.786,,,
19.803,,,
19.820,,,
19.837,,,
19.854,,,
19.871,,,
19.889,,,
19.906,,,
19.923,,,
19.940,,,
19.957,,,
19.974,,,
19.991,,,
20.008,,,
20.025,,,
20.042,,,
20.059,,,
20.076,,,
20.093,,,
20.110,,,
20.127,,,
20.144,,,
20.161,,,
20.178,,,
20.195,,,
20.212,,,
20.229,,,
20.246,,,
20.263,,,
20.280,,,
20.298,,,
20.315,,,
20.332,,,
20.349,,,
20.366,,,
20.383,,,
20.400,,,
20.417,,,
20.434,,,
20.451,-2.712,-0.154,1.726E-2
20.468,,,
20.485,,,
20.502,,,
20.519,,,
20.536,,,
20.553,,,
20.570,,,
20.587,,,
20.604,,,
20.621,,,
20.638,,,
20.655,,,
20.672,,,
20.690,,,
20.707,,,
20.724,,,
20.741,,,
20.758,,,
20.775,,,
20.792,,,
20.809,,,
20.826,,,
20.843,,,
20.860,,,
20.877,,,
20.894,,,
20.911,,,
20.928,,,
20.945,,,
20.962,,,
20.979,,,
20.996,,,
21.013,,,
21.030,,,
21.047,,,
21.064,,,
21.081,,,
21.099,,,
21.116,,,
21.133,-2.828,-0.130,9.083E-3
21.150,,,
21.167,,,
21.184,,,
21.201,,,
21.218,,,
21.235,,,
21.252,,,
21.269,,,
21.286,,,
21.303,,,
21.320,,,
21.337,,,
21.354,,,
21.371,,,
21.388,,,
21.405,,,
21.422,,,
21.439,,,
21.456,,,
21.473,,,
21.490,,,
21.508,,,
21.525,,,
21.542,,,
21.559,,,
21.576,,,
21.593,,,
21.610,,,
21.627,,,
21.644,,,
21.661,,,
21.678,,,
21.695,,,
21.712,,,
21.729,,,
21.746,,,
21.763,,,
21.780,,,
21.797,,,
21.814,-2.890,-0.124,-1.726E-2
21.831,,,
21.848,,,
21.865,,,
21.882,,,
21.900,,,
21.917,,,
21.934,,,
21.951,,,
21.968,,,
21.985,,,
22.002,,,
22.019,,,
22.036,,,
22.053,,,
22.070,,,
22.087,,,
22.104,,,
22.121,,,
22.138,,,
22.155,,,
22.172,,,
22.189,,,
22.206,,,
22.223,,,
22.240,,,
22.257,,,
22.274,,,
22.291,,,
22.309,,,
22.326,,,
22.343,,,
22.360,,,
22.377,,,
22.394,,,
22.411,,,
22.428,,,
22.445,,,
22.462,,,
22.479,,,
22.496,-2.996,-0.167,-3.906E-2
22.513,,,
22.530,,,
22.547,,,
22.564,,,
22.581,,,
22.598,,,
22.615,,,
22.632,,,
22.649,,,
22.666,,,
22.683,,,
22.701,,,
22.718,,,
22.735,,,
22.752,,,
22.769,,,
22.786,,,
22.803,,,
22.820,,,
22.837,,,
22.854,,,
22.871,,,
22.888,,,
22.905,,,
22.922,,,
22.939,,,
22.956,,,
22.973,,,
22.990,,,
23.007,,,
23.024,,,
23.041,,,
23.058,,,
23.075,,,
23.092,,,
23.110,,,
23.127,,,
23.144,,,
23.161,,,
23.178,-3.117,-0.176,8.174E-3
23.195,,,
23.212,,,
23.229,,,
23.246,,,
23.263,,,
23.280,,,
23.297,,,
23.314,,,
23.331,,,
23.348,,,
23.365,,,
23.382,,,
23.399,,,
23.416,,,
23.433,,,
23.450,,,
23.467,,,
23.484,,,
23.501,,,
23.519,,,
23.536,,,
23.553,,,
23.570,,,
23.587,,,
23.604,,,
23.621,,,
23.638,,,
23.655,,,
23.672,,,
23.689,,,
23.706,,,
23.723,,,
23.740,,,
23.757,,,
23.774,,,
23.791,,,
23.808,,,
23.825,,,
23.842,,,
23.859,-3.235,-0.156,3.633E-3
23.876,,,
23.893,,,
23.911,,,
23.928,,,
23.945,,,
23.962,,,
23.979,,,
23.996,,,
24.013,,,
24.030,,,
24.047,,,
24.064,,,
24.081,,,
24.098,,,
24.115,,,
24.132,,,
24.149,,,
24.166,,,
24.183,,,
24.200,,,
24.217,,,
24.234,,,
24.251,,,
24.268,,,
24.285,,,
24.302,,,
24.320,,,
24.337,,,
24.354,,,
24.371,,,
24.388,,,
24.405,,,
24.422,,,
24.439,,,
24.456,,,
24.473,,,
24.490,,,
24.507,,,
24.524,,,
24.541,-3.330,-0.163,-1.907E-2
24.558,,,
24.575,,,
24.592,,,
24.609,,,
24.626,,,
24.643,,,
24.660,,,
24.677,,,
24.694,,,
24.712,,,
24.729,,,
24.746,,,
24.763,,,
24.780,,,
24.797,,,
24.814,,,
24.831,,,
24.848,,,
24.865,,,
24.882,,,
24.899,,,
24.916,,,
24.933,,,
24.950,,,
24.967,,,
24.984,,,
25.001,,,
25.018,,,
25.035,,,
25.052,,,
25.069,,,
25.086,,,
25.103,,,
25.121,,,
25.138,,,
25.155,,,
25.172,,,
25.189,,,
25.206,,,
25.223,-3.457,-0.191,0.000
25.240,,,
25.257,,,
25.274,,,
25.291,,,
25.308,,,
25.325,,,
25.342,,,
25.359,,,
25.376,,,
25.393,,,
25.410,,,
25.427,,,
25.444,,,
25.461,,,
25.478,,,
25.495,,,
25.513,,,
25.530,,,
25.547,,,
25.564,,,
25.581,,,
25.598,,,
25.615,,,
25.632,,,
25.649,,,
25.666,,,
25.683,,,
25.700,,,
25.717,,,
25.734,,,
25.751,,,
25.768,,,
25.785,,,
25.802,,,
25.819,,,
25.836,,,
25.853,,,
25.870,,,
25.887,,,
25.904,-3.590,-0.165,2.543E-2
25.922,,,
25.939,,,
25.956,,,
25.973,,,
25.990,,,
26.007,,,
26.024,,,
26.041,,,
26.058,,,
26.075,,,
26.092,,,
26.109,,,
26.126,,,
26.143,,,
26.160,,,
26.177,,,
26.194,,,
26.211,,,
26.228,,,
26.245,,,
26.262,,,
26.279,,,
26.296,,,
26.313,,,
26.331,,,
26.348,,,
26.365,,,
26.382,,,
26.399,,,
26.416,,,
26.433,,,
26.450,,,
26.467,,,
26.484,,,
26.501,,,
26.518,,,
26.535,,,
26.552,,,
26.569,,,
26.586,-3.681,-0.145,2.271E-2
26.603,,,
26.620,,,
26.637,,,
26.654,,,
26.671,,,
26.688,,,
26.705,,,
26.723,,,
26.740,,,
26.757,,,
26.774,,,
26.791,,,
26.808,,,
26.825,,,
26.842,,,
26.859,,,
26.876,,,
26.893,,,
26.910,,,
26.927,,,
26.944,,,
26.961,,,
26.978,,,
26.995,,,
27.012,,,
27.029,,,
27.046,,,
27.063,,,
27.080,,,
27.097,,,
27.114,,,
27.132,,,
27.149,,,
27.166,,,
27.183,,,
27.200,,,
27.217,,,
27.234,,,
27.251,,,
27.268,-3.788,-0.143,2.906E-2
27.285,,,
27.302,,,
27.319,,,
27.336,,,
27.353,,,
27.370,,,
27.387,,,
27.404,,,
27.421,,,
27.438,,,
27.455,,,
27.472,,,
27.489,,,
27.506,,,
27.524,,,
27.541,,,
27.558,,,
27.575,,,
27.592,,,
27.609,,,
27.626,,,
27.643,,,
27.660,,,
27.677,,,
27.694,,,
27.711,,,
27.728,,,
27.745,,,
27.762,,,
27.779,,,
27.796,,,
27.813,,,
27.830,,,
27.847,,,
27.864,,,
27.881,,,
27.898,,,
27.915,,,
27.933,,,
27.950,-3.876,-0.104,2.180E-2
27.967,,,
27.984,,,
28.001,,,
28.018,,,
28.035,,,
28.052,,,
28.069,,,
28.086,,,
28.103,,,
28.120,,,
28.137,,,
28.154,,,
28.171,,,
28.188,,,
28.205,,,
28.222,,,
28.239,,,
28.256,,,
28.273,,,
28.290,,,
28.307,,,
28.325,,,
28.342,,,
28.359,,,
28.376,,,
28.393,,,
28.410,,,
28.427,,,
28.444,,,
28.461,,,
28.478,,,
28.495,,,
28.512,,,
28.529,,,
28.546,,,
28.563,,,
28.580,,,
28.597,,,
28.614,,,
28.631,-3.930,-0.104,-3.633E-3
28.648,,,
28.665,,,
28.682,,,
28.699,,,
28.716,,,
28.734,,,
28.751,,,
28.768,,,
28.785,,,
28.802,,,
28.819,,,
28.836,,,
28.853,,,
28.870,,,
28.887,,,
28.904,,,
28.921,,,
28.938,,,
28.955,,,
28.972,,,
28.989,,,
29.006,,,
29.023,,,
29.040,,,
29.057,,,
29.074,,,
29.091,,,
29.108,,,
29.125,,,
29.143,,,
29.160,,,
29.177,,,
29.194,,,
29.211,,,
29.228,,,
29.245,,,
29.262,,,
29.279,,,
29.296,,,
29.313,-4.018,-0.121,1.090E-2
29.330,,,
29.347,,,
29.364,,,
29.381,,,
29.398,,,
29.415,,,
29.432,,,
29.449,,,
29.466,,,
29.483,,,
29.500,,,
29.517,,,
29.535,,,
29.552,,,
29.569,,,
29.586,,,
29.603,,,
29.620,,,
29.637,,,
29.654,,,
29.671,,,
29.688,,,
29.705,,,
29.722,,,
29.739,,,
29.756,,,
29.773,,,
29.790,,,
29.807,,,
29.824,,,
29.841,,,
29.858,,,
29.875,,,
29.892,,,
29.909,,,
29.926,,,
29.944,,,
29.961,,,
29.978,,,
29.995,-4.095,-8.668E-2,2.725E-2
30.012,,,
30.029,,,
30.046,,,
30.063,,,
30.080,,,
30.097,,,
30.114,,,
30.131,,,
30.148,,,
30.165,,,
30.182,,,
30.199,,,
30.216,,,
30.233,,,
30.250,,,
30.267,,,
30.284,,,
30.301,,,
30.318,,,
30.336,,,
30.353,,,
30.370,,,
30.387,,,
30.404,,,
30.421,,,
30.438,,,
30.455,,,
30.472,,,
30.489,,,
30.506,,,
30.523,,,
30.540,,,
30.557,,,
30.574,,,
30.591,,,
30.608,,,
30.625,,,
30.642,,,
30.659,,,
30.676,-4.136,-7.585E-2,8.174E-3
30.693,,,
30.710,,,
30.727,,,
30.745,,,
30.762,,,
30.779,,,
30.796,,,
30.813,,,
30.830,,,
30.847,,,
30.864,,,
30.881,,,
30.898,,,
30.915,,,
30.932,,,
30.949,,,
30.966,,,
30.983,,,
31.000,,,
31.017,,,
31.034,,,
31.051,,,
31.068,,,
31.085,,,
31.102,,,
31.119,,,
31.137,,,
31.154,,,
31.171,,,
31.188,,,
31.205,,,
31.222,,,
31.239,,,
31.256,,,
31.273,,,
31.290,,,
31.307,,,
31.324,,,
31.341,,,
31.358,-4.198,-8.452E-2,6.358E-3
31.375,,,
31.392,,,
31.409,,,
31.426,,,
31.443,,,
31.460,,,
31.477,,,
31.494,,,
31.511,,,
31.528,,,
31.546,,,
31.563,,,
31.580,,,
31.597,,,
31.614,,,
31.631,,,
31.648,,,
31.665,,,
31.682,,,
31.699,,,
31.716,,,
31.733,,,
31.750,,,
31.767,,,
31.784,,,
31.801,,,
31.818,,,
31.835,,,
31.852,,,
31.869,,,
31.886,,,
31.903,,,
31.920,,,
31.937,,,
31.955,,,
31.972,,,
31.989,,,
32.006,,,
32.023,,,
32.040,-4.252,-6.501E-2,2.362E-2
32.057,,,
32.074,,,
32.091,,,
32.108,,,
32.125,,,
32.142,,,
32.159,,,
32.176,,,
32.193,,,
32.210,,,
32.227,,,
32.244,,,
32.261,,,
32.278,,,
32.295,,,
32.312,,,
32.329,,,
32.347,,,
32.364,,,
32.381,,,
32.398,,,
32.415,,,
32.432,,,
32.449,,,
32.466,,,
32.483,,,
32.500,,,
32.517,,,
32.534,,,
32.551,,,
32.568,,,
32.585,,,
32.602,,,
32.619,,,
32.636,,,
32.653,,,
32.670,,,
32.687,,,
32.704,,,
32.721,-4.287,-4.984E-2,9.991E-3
32.738,,,
32.756,,,
32.773,,,
32.790,,,
32.807,,,
32.824,,,
32.841,,,
32.858,,,
32.875,,,
32.892,,,
32.909,,,
32.926,,,
32.943,,,
32.960,,,
32.977,,,
32.994,,,
33.011,,,
33.028,,,
33.045,,,
33.062,,,
33.079,,,
33.096,,,
33.113,,,
33.130,,,
33.148,,,
33.165,,,
33.182,,,
33.199,,,
33.216,,,
33.233,,,
33.250,,,
33.267,,,
33.284,,,
33.301,,,
33.318,,,
33.335,,,
33.352,,,
33.369,,,
33.386,,,
33.403,-4.320,-5.201E-2,-9.083E-3
33.420,,,
33.437,,,
33.454,,,
33.471,,,
33.488,,,
33.505,,,
33.522,,,
33.539,,,
33.557,,,
33.574,,,
33.591,,,
33.608,,,
33.625,,,
33.642,,,
33.659,,,
33.676,,,
33.693,,,
33.710,,,
33.727,,,
33.744,,,
33.761,,,
33.778,,,
33.795,,,
33.812,,,
33.829,,,
33.846,,,
33.863,,,
33.880,,,
33.897,,,
33.914,,,
33.931,,,
33.949,,,
33.966,,,
33.983,,,
34.000,,,
34.017,,,
34.034,,,
34.051,,,
34.068,,,
34.085,-4.358,-6.285E-2,-9.083E-4
34.102,,,
34.119,,,
34.136,,,
34.153,,,
34.170,,,
34.187,,,
34.204,,,
34.221,,,
34.238,,,
34.255,,,
34.272,,,
34.289,,,
34.306,,,
34.323,,,
34.340,,,
34.358,,,
34.375,,,
34.392,,,
34.409,,,
34.426,,,
34.443,,,
34.460,,,
34.477,,,
34.494,,,
34.511,,,
34.528,,,
34.545,,,
34.562,,,
34.579,,,
34.596,,,
34.613,,,
34.630,,,
34.647,,,
34.664,,,
34.681,,,
34.698,,,
34.715,,,
34.732,,,
34.749,,,
34.767,-4.405,-5.634E-2,3.633E-3
34.784,,,
34.801,,,
34.818,,,
34.835,,,
34.852,,,
34.869,,,
34.886,,,
34.903,,,
34.920,,,
34.937,,,
34.954,,,
34.971,,,
34.988,,,
35.005,,,
35.022,,,
35.039,,,
35.056,,,
35.073,,,
35.090,,,
35.107,,,
35.124,,,
35.141,,,
35.159,,,
35.176,,,
35.193,,,
35.210,,,
35.227,,,
35.244,,,
35.261,,,
35.278,,,
35.295,,,
35.312,,,
35.329,,,
35.346,,,
35.363,,,
35.380,,,
35.397,,,
35.414,,,
35.431,,,
35.448,-4.435,-5.201E-2,-2.906E-2
35.465,,,
35.482,,,
35.499,,,
35.516,,,
35.533,,,
35.550,,,
35.568,,,
35.585,,,
35.602,,,
35.619,,,
35.636,,,
35.653,,,
35.670,,,
35.687,,,
35.704,,,
35.721,,,
35.738,,,
35.755,,,
35.772,,,
35.789,,,
35.806,,,
35.823,,,
35.840,,,
35.857,,,
35.874,,,
35.891,,,
35.908,,,
35.925,,,
35.942,,,
35.960,,,
35.977,,,
35.994,,,
36.011,,,
36.028,,,
36.045,,,
36.062,,,
36.079,,,
36.096,,,
36.113,,,
36.130,-4.476,-9.535E-2,-3.815E-2
36.147,,,
36.164,,,
36.181,,,
36.198,,,
36.215,,,
36.232,,,
36.249,,,
36.266,,,
36.283,,,
36.300,,,
36.317,,,
36.334,,,
36.351,,,
36.369,,,
36.386,,,
36.403,,,
36.420,,,
36.437,,,
36.454,,,
36.471,,,
36.488,,,
36.505,,,
36.522,,,
36.539,,,
36.556,,,
36.573,,,
36.590,,,
36.607,,,
36.624,,,
36.641,,,
36.658,,,
36.675,,,
36.692,,,
36.709,,,
36.726,,,
36.743,,,
36.761,,,
36.778,,,
36.795,,,
36.812,-4.565,-0.115,-1.907E-2
36.829,,,
36.846,,,
36.863,,,
36.880,,,
36.897,,,
36.914,,,
36.931,,,
36.948,,,
36.965,,,
36.982,,,
36.999,,,
37.016,,,
37.033,,,
37.050,,,
37.067,,,
37.084,,,
37.101,,,
37.118,,,
37.135,,,
37.152,,,
37.170,,,
37.187,,,
37.204,,,
37.221,,,
37.238,,,
37.255,,,
37.272,,,
37.289,,,
37.306,,,
37.323,,,
37.340,,,
37.357,,,
37.374,,,
37.391,,,
37.408,,,
37.425,,,
37.442,,,
37.459,,,
37.476,,,
37.493,-4.633,-0.111,-4.541E-3
37.510,,,
37.527,,,
37.544,,,
37.561,,,
37.579,,,
37.596,,,
37.613,,,
37.630,,,
37.647,,,
37.664,,,
37.681,,,
37.698,,,
37.715,,,
37.732,,,
37.749,,,
37.766,,,
37.783,,,
37.800,,,
37.817,,,
37.834,,,
37.851,,,
37.868,,,
37.885,,,
37.902,,,
37.919,,,
37.936,,,
37.953,,,
37.971,,,
37.988,,,
38.005,,,
38.022,,,
38.039,,,
38.056,,,
38.073,,,
38.090,,,
38.107,,,
38.124,,,
38.141,,,
38.158,,,
38.175,-4.716,-0.126,-1.817E-2
38.192,,,
38.209,,,
38.226,,,
38.243,,,
38.260,,,
38.277,,,
38.294,,,
38.311,,,
38.328,,,
38.345,,,
38.362,,,
38.380,,,
38.397,,,
38.414,,,
38.431,,,
38.448,,,
38.465,,,
38.482,,,
38.499,,,
38.516,,,
38.533,,,
38.550,,,
38.567,,,
38.584,,,
38.601,,,
38.618,,,
38.635,,,
38.652,,,
38.669,,,
38.686,,,
38.703,,,
38.720,,,
38.737,,,
38.754,,,
38.772,,,
38.789,,,
38.806,,,
38.823,,,
38.840,,,
38.857,-4.804,-0.134,-1.090E-2
38.874,,,
38.891,,,
38.908,,,
38.925,,,
38.942,,,
38.959,,,
38.976,,,
38.993,,,
39.010,,,
39.027,,,
39.044,,,
39.061,,,
39.078,,,
39.095,,,
39.112,,,
39.129,,,
39.146,,,
39.163,,,
39.181,,,
39.198,,,
39.215,,,
39.232,,,
39.249,,,
39.266,,,
39.283,,,
39.300,,,
39.317,,,
39.334,,,
39.351,,,
39.368,,,
39.385,,,
39.402,,,
39.419,,,
39.436,,,
39.453,,,
39.470,,,
39.487,,,
39.504,,,
39.521,,,
39.538,-4.899,-0.141,-2.089E-2
39.555,,,
39.573,,,
39.590,,,
39.607,,,
39.624,,,
39.641,,,
39.658,,,
39.675,,,
39.692,,,
39.709,,,
39.726,,,
39.743,,,
39.760,,,
39.777,,,
39.794,,,
39.811,,,
39.828,,,
39.845,,,
39.862,,,
39.879,,,
39.896,,,
39.913,,,
39.930,,,
39.947,,,
39.964,,,
39.982,,,
39.999,,,
40.016,,,
40.033,,,
40.050,,,
40.067,,,
40.084,,,
40.101,,,
40.118,,,
40.135,,,
40.152,,,
40.169,,,
40.186,,,
40.203,,,
40.220,-4.996,-0.160,-2.725E-2
40.237,,,
40.254,,,
40.271,,,
40.288,,,
40.305,,,
40.322,,,
40.339,,,
40.356,,,
40.373,,,
40.391,,,
40.408,,,
40.425,,,
40.442,,,
40.459,,,
40.476,,,
40.493,,,
40.510,,,
40.527,,,
40.544,,,
40.561,,,
40.578,,,
40.595,,,
40.612,,,
40.629,,,
40.646,,,
40.663,,,
40.680,,,
40.697,,,
40.714,,,
40.731,,,
40.748,,,
40.765,,,
40.783,,,
40.800,,,
40.817,,,
40.834,,,
40.851,,,
40.868,,,
40.885,,,
40.902,-5.117,-0.182,3.451E-2
40.919,,,
40.936,,,
40.953,,,
40.970,,,
40.987,,,
41.004,,,
41.021,,,
41.038,,,
41.055,,,
41.072,,,
41.089,,,
41.106,,,
41.123,,,
41.140,,,
41.157,,,
41.174,,,
41.192,,,
41.209,,,
41.226,,,
41.243,,,
41.260,,,
41.277,,,
41.294,,,
41.311,,,
41.328,,,
41.345,,,
41.362,,,
41.379,,,
41.396,,,
41.413,,,
41.430,,,
41.447,,,
41.464,,,
41.481,,,
41.498,,,
41.515,,,
41.532,,,
41.549,,,
41.566,,,
41.584,-5.244,-0.121,6.176E-2
41.601,,,
41.618,,,
41.635,,,
41.652,,,
41.669,,,
41.686,,,
41.703,,,
41.720,,,
41.737,,,
41.754,,,
41.771,,,
41.788,,,
41.805,,,
41.822,,,
41.839,,,
41.856,,,
41.873,,,
41.890,,,
41.907,,,
41.924,,,
41.941,,,
41.958,,,
41.975,,,
41.993,,,
42.010,,,
42.027,,,
42.044,,,
42.061,,,
42.078,,,
42.095,,,
42.112,,,
42.129,,,
42.146,,,
42.163,,,
42.180,,,
42.197,,,
42.214,,,
42.231,,,
42.248,,,
42.265,-5.283,-7.585E-2,2.452E-2
42.282,,,
42.299,,,
42.316,,,
42.333,,,
42.350,,,
42.367,,,
42.385,,,
42.402,,,
42.419,,,
42.436,,,
42.453,,,
42.470,,,
42.487,,,
42.504,,,
42.521,,,
42.538,,,
42.555,,,
42.572,,,
42.589,,,
42.606,,,
42.623,,,
42.640,,,
42.657,,,
42.674,,,
42.691,,,
42.708,,,
42.725,,,
42.742,,,
42.759,,,
42.776,,,
42.794,,,
42.811,,,
42.828,,,
42.845,,,
42.862,,,
42.879,,,
42.896,,,
42.913,,,
42.930,,,
42.947,-5.348,-0.102,-2.271E-2
42.964,,,
42.981,,,
42.998,,,
43.015,,,
43.032,,,
43.049,,,
43.066,,,
43.083,,,
43.100,,,
43.117,,,
43.134,,,
43.151,,,
43.168,,,
43.185,,,
43.203,,,
43.220,,,
43.237,,,
43.254,,,
43.271,,,
43.288,,,
43.305,,,
43.322,,,
43.339,,,
43.356,,,
43.373,,,
43.390,,,
43.407,,,
43.424,,,
43.441,,,
43.458,,,
43.475,,,
43.492,,,
43.509,,,
43.526,,,
43.543,,,
43.560,,,
43.577,,,
43.595,,,
43.612,,,
43.629,-5.422,-0.106,6.358E-3
43.646,,,
43.663,,,
43.680,,,
43.697,,,
43.714,,,
43.731,,,
43.748,,,
43.765,,,
43.782,,,
43.799,,,
43.816,,,
43.833,,,
43.850,,,
43.867,,,
43.884,,,
43.901,,,
43.918,,,
43.935,,,
43.952,,,
43.969,,,
43.986,,,
44.004,,,
44.021,,,
44.038,,,
44.055,,,
44.072,,,
44.089,,,
44.106,,,
44.123,,,
44.140,,,
44.157,,,
44.174,,,
44.191,,,
44.208,,,
44.225,,,
44.242,,,
44.259,,,
44.276,,,
44.293,,,
44.310,-5.493,-9.318E-2,1.362E-2
44.327,,,
44.344,,,
44.361,,,
44.378,,,
44.396,,,
44.413,,,
44.430,,,
44.447,,,
44.464,,,
44.481,,,
44.498,,,
44.515,,,
44.532,,,
44.549,,,
44.566,,,
44.583,,,
44.600,,,
44.617,,,
44.634,,,
44.651,,,
44.668,,,
44.685,,,
44.702,,,
44.719,,,
44.736,,,
44.753,,,
44.770,,,
44.787,,,
44.805,,,
44.822,,,
44.839,,,
44.856,,,
44.873,,,
44.890,,,
44.907,,,
44.924,,,
44.941,,,
44.958,,,
44.975,,,
44.992,-5.549,-8.452E-2,1.726E-2
45.009,,,
45.026,,,
45.043,,,
45.060,,,
45.077,,,
45.094,,,
45.111,,,
45.128,,,
45.145,,,
45.162,,,
45.179,,,
45.197,,,
45.214,,,
45.231,,,
45.248,,,
45.265,,,
45.282,,,
45.299,,,
45.316,,,
45.333,,,
45.350,,,
45.367,,,
45.384,,,
45.401,,,
45.418,,,
45.435,,,
45.452,,,
45.469,,,
45.486,,,
45.503,,,
45.520,,,
45.537,,,
45.554,,,
45.571,,,
45.588,,,
45.606,,,
45.623,,,
45.640,,,
45.657,,,
45.674,-5.608,-7.368E-2,1.817E-2
45.691,,,
45.708,,,
45.725,,,
45.742,,,
45.759,,,
45.776,,,
45.793,,,
45.810,,,
45.827,,,
45.844,,,
45.861,,,
45.878,,,
45.895,,,
45.912,,,
45.929,,,
45.946,,,
45.963,,,
45.980,,,
45.997,,,
46.015,,,
46.032,,,
46.049,,,
46.066,,,
46.083,,,
46.100,,,
46.117,,,
46.134,,,
46.151,,,
46.168,,,
46.185,,,
46.202,,,
46.219,,,
46.236,,,
46.253,,,
46.270,,,
46.287,,,
46.304,,,
46.321,,,
46.338,,,
46.355,-5.649,-5.634E-2,1.272E-2
46.372,,,
46.389,,,
46.407,,,
46.424,,,
46.441,,,
46.458,,,
46.475,,,
46.492,,,
46.509,,,
46.526,,,
46.543,,,
46.560,,,
46.577,,,
46.594,,,
46.611,,,
46.628,,,
46.645,,,
46.662,,,
46.679,,,
46.696,,,
46.713,,,
46.730,,,
46.747,,,
46.764,,,
46.781,,,
46.798,,,
46.816,,,
46.833,,,
46.850,,,
46.867,,,
46.884,,,
46.901,,,
46.918,,,
46.935,,,
46.952,,,
46.969,,,
46.986,,,
47.003,,,
47.020,,,
47.037,-5.685,-5.634E-2,-1.090E-2
47.054,,,
47.071,,,
47.088,,,
47.105,,,
47.122,,,
47.139,,,
47.156,,,
47.173,,,
47.190,,,
47.208,,,
47.225,,,
47.242,,,
47.259,,,
47.276,,,
47.293,,,
47.310,,,
47.327,,,
47.344,,,
47.361,,,
47.378,,,
47.395,,,
47.412,,,
47.429,,,
47.446,,,
47.463,,,
47.480,,,
47.497,,,
47.514,,,
47.531,,,
47.548,,,
47.565,,,
47.582,,,
47.599,,,
47.617,,,
47.634,,,
47.651,,,
47.668,,,
47.685,,,
47.702,,,
47.719,-5.726,-7.151E-2,-2.452E-2
47.736,,,
47.753,,,
47.770,,,
47.787,,,
47.804,,,
47.821,,,
47.838,,,
47.855,,,
47.872,,,
47.889,,,
47.906,,,
47.923,,,
47.940,,,
47.957,,,
47.974,,,
47.991,,,
48.009,,,
48.026,,,
48.043,,,
48.060,,,
48.077,,,
48.094,,,
48.111,,,
48.128,,,
48.145,,,
48.162,,,
48.179,,,
48.196,,,
48.213,,,
48.230,,,
48.247,,,
48.264,,,
48.281,,,
48.298,,,
48.315,,,
48.332,,,
48.349,,,
48.366,,,
48.383,,,
48.400,-5.782,-9.102E-2,-1.453E-2
48.418,,,
48.435,,,
48.452,,,
48.469,,,
48.486,,,
48.503,,,
48.520,,,
48.537,,,
48.554,,,
48.571,,,
48.588,,,
48.605,,,
48.622,,,
48.639,,,
48.656,,,
48.673,,,
48.690,,,
48.707,,,
48.724,,,
48.741,,,
48.758,,,
48.775,,,
48.792,,,
48.809,,,
48.827,,,
48.844,,,
48.861,,,
48.878,,,
48.895,,,
48.912,,,
48.929,,,
48.946,,,
48.963,,,
48.980,,,
48.997,,,
49.014,,,
49.031,,,
49.048,,,
49.065,,,
49.082,-5.850,-9.318E-2,9.991E-3
49.099,,,
49.116,,,
49.133,,,
49.150,,,
49.167,,,
49.184,,,
49.201,,,
49.219,,,
49.236,,,
49.253,,,
49.270,,,
49.287,,,
49.304,,,
49.321,,,
49.338,,,
49.355,,,
49.372,,,
49.389,,,
49.406,,,
49.423,,,
49.440,,,
49.457,,,
49.474,,,
49.491,,,
49.508,,,
49.525,,,
49.542,,,
49.559,,,
49.576,,,
49.593,,,
49.610,,,
49.628,,,
49.645,,,
49.662,,,
49.679,,,
49.696,,,
49.713,,,
49.730,,,
49.747,,,
49.764,-5.909,-7.585E-2,-1.726E-2
49.781,,,
49.798,,,
49.815,,,
49.832,,,
49.849,,,
49.866,,,
49.883,,,
49.900,,,
49.917,,,
49.934,,,
49.951,,,
49.968,,,
49.985,,,
50.002,,,
50.020,,,
50.037,,,
50.054,,,
50.071,,,
50.088,,,
50.105,,,
50.122,,,
50.139,,,
50.156,,,
50.173,,,
50.190,,,
50.207,,,
50.224,,,
50.241,,,
50.258,,,
50.275,,,
50.292,,,
50.309,,,
50.326,,,
50.343,,,
50.360,,,
50.377,,,
50.394,,,
50.411,,,
50.429,,,
50.446,-5.954,-0.108,-1.272E-2
50.463,,,
50.480,,,
50.497,,,
50.514,,,
50.531,,,
50.548,,,
50.565,,,
50.582,,,
50.599,,,
50.616,,,
50.633,,,
50.650,,,
50.667,,,
50.684,,,
50.701,,,
50.718,,,
50.735,,,
50.752,,,
50.769,,,
50.786,,,
50.803,,,
50.821,,,
50.838,,,
50.855,,,
50.872,,,
50.889,,,
50.906,,,
50.923,,,
50.940,,,
50.957,,,
50.974,,,
50.991,,,
51.008,,,
51.025,,,
51.042,,,
51.059,,,
51.076,,,
51.093,,,
51.110,,,
51.127,-6.057,-0.113,-3.633E-3
51.144,,,
51.161,,,
51.178,,,
51.195,,,
51.212,,,
51.230,,,
51.247,,,
51.264,,,
51.281,,,
51.298,,,
51.315,,,
51.332,,,
51.349,,,
51.366,,,
51.383,,,
51.400,,,
51.417,,,
51.434,,,
51.451,,,
51.468,,,
51.485,,,
51.502,,,
51.519,,,
51.536,,,
51.553,,,
51.570,,,
51.587,,,
51.604,,,
51.621,,,
51.639,,,
51.656,,,
51.673,,,
51.690,,,
51.707,,,
51.724,,,
51.741,,,
51.758,,,
51.775,,,
51.792,,,
51.809,-6.107,-9.318E-2,4.541E-3
51.826,,,
51.843,,,
51.860,,,
51.877,,,
51.894,,,
51.911,,,
51.928,,,
51.945,,,
51.962,,,
51.979,,,
51.996,,,
52.013,,,
52.031,,,
52.048,,,
52.065,,,
52.082,,,
52.099,,,
52.116,,,
52.133,,,
52.150,,,
52.167,,,
52.184,,,
52.201,,,
52.218,,,
52.235,,,
52.252,,,
52.269,,,
52.286,,,
52.303,,,
52.320,,,
52.337,,,
52.354,,,
52.371,,,
52.388,,,
52.405,,,
52.422,,,
52.440,,,
52.457,,,
52.474,,,
52.491,-6.184,-0.117,-2.543E-2
52.508,,,
52.525,,,
52.542,,,
52.559,,,
52.576,,,
52.593,,,
52.610,,,
52.627,,,
52.644,,,
52.661,,,
52.678,,,
52.695,,,
52.712,,,
52.729,,,
52.746,,,
52.763,,,
52.780,,,
52.797,,,
52.814,,,
52.832,,,
52.849,,,
52.866,,,
52.883,,,
52.900,,,
52.917,,,
52.934,,,
52.951,,,
52.968,,,
52.985,,,
53.002,,,
53.019,,,
53.036,,,
53.053,,,
53.070,,,
53.087,,,
53.104,,,
53.121,,,
53.138,,,
53.155,,,
53.172,-6.267,-0.126,5.450E-3
53.189,,,
53.206,,,
53.223,,,
53.241,,,
53.258,,,
53.275,,,
53.292,,,
53.309,,,
53.326,,,
53.343,,,
53.360,,,
53.377,,,
53.394,,,
53.411,,,
53.428,,,
53.445,,,
53.462,,,
53.479,,,
53.496,,,
53.513,,,
53.530,,,
53.547,,,
53.564,,,
53.581,,,
53.598,,,
53.615,,,
53.633,,,
53.650,,,
53.667,,,
53.684,,,
53.701,,,
53.718,,,
53.735,,,
53.752,,,
53.769,,,
53.786,,,
53.803,,,
53.820,,,
53.837,,,
53.854,-6.355,-0.113,1.998E-2
53.871,,,
53.888,,,
53.905,,,
53.922,,,
53.939,,,
53.956,,,
53.973,,,
53.990,,,
54.007,,,
54.024,,,
54.042,,,
54.059,,,
54.076,,,
54.093,,,
54.110,,,
54.127,,,
54.144,,,
54.161,,,
54.178,,,
54.195,,,
54.212,,,
54.229,,,
54.246,,,
54.263,,,
54.280,,,
54.297,,,
54.314,,,
54.331,,,
54.348,,,
54.365,,,
54.382,,,
54.399,,,
54.416,,,
54.433,,,
54.451,,,
54.468,,,
54.485,,,
54.502,,,
54.519,,,
54.536,-6.420,-9.318E-2,9.083E-4
54.553,,,
54.570,,,
54.587,,,
54.604,,,
54.621,,,
54.638,,,
54.655,,,
54.672,,,
54.689,,,
54.706,,,
54.723,,,
54.740,,,
54.757,,,
54.774,,,
54.791,,,
54.808,,,
54.825,,,
54.843,,,
54.860,,,
54.877,,,
54.894,,,
54.911,,,
54.928,,,
54.945,,,
54.962,,,
54.979,,,
54.996,,,
55.013,,,
55.030,,,
55.047,,,
55.064,,,
55.081,,,
55.098,,,
55.115,,,
55.132,,,
55.149,,,
55.166,,,
55.183,,,
55.200,,,
55.217,-6.482,-0.111,-9.991E-3
55.234,,,
55.252,,,
55.269,,,
55.286,,,
55.303,,,
55.320,,,
55.337,,,
55.354,,,
55.371,,,
55.388,,,
55.405,,,
55.422,,,
55.439,,,
55.456,,,
55.473,,,
55.490,,,
55.507,,,
55.524,,,
55.541,,,
55.558,,,
55.575,,,
55.592,,,
55.609,,,
55.626,,,
55.644,,,
55.661,,,
55.678,,,
55.695,,,
55.712,,,
55.729,,,
55.746,,,
55.763,,,
55.780,,,
55.797,,,
55.814,,,
55.831,,,
55.848,,,
55.865,,,
55.882,,,
55.899,-6.571,-0.115,9.991E-3
55.916,,,
55.933,,,
55.950,,,
55.967,,,
55.984,,,
56.001,,,
56.018,,,
56.035,,,
56.053,,,
56.070,,,
56.087,,,
56.104,,,
56.121,,,
56.138,,,
56.155,,,
56.172,,,
56.189,,,
56.206,,,
56.223,,,
56.240,,,
56.257,,,
56.274,,,
56.291,,,
56.308,,,
56.325,,,
56.342,,,
56.359,,,
56.376,,,
56.393,,,
56.410,,,
56.427,,,
56.445,,,
56.462,,,
56.479,,,
56.496,,,
56.513,,,
56.530,,,
56.547,,,
56.564,,,
56.581,-6.639,-9.102E-2,3.088E-2
56.598,,,
56.615,,,
56.632,,,
56.649,,,
56.666,,,
56.683,,,
56.700,,,
56.717,,,
56.734,,,
56.751,,,
56.768,,,
56.785,,,
56.802,,,
56.819,,,
56.836,,,
56.854,,,
56.871,,,
56.888,,,
56.905,,,
56.922,,,
56.939,,,
56.956,,,
56.973,,,
56.990,,,
57.007,,,
57.024,,,
57.041,,,
57.058,,,
57.075,,,
57.092,,,
57.109,,,
57.126,,,
57.143,,,
57.160,,,
57.177,,,
57.194,,,
57.211,,,
57.228,,,
57.245,,,
57.263,-6.695,-7.368E-2,2.180E-2
57.280,,,
57.297,,,
57.314,,,
57.331,,,
57.348,,,
57.365,,,
57.382,,,
57.399,,,
57.416,,,
57.433,,,
57.450,,,
57.467,,,
57.484,,,
57.501,,,
57.518,,,
57.535,,,
57.552,,,
57.569,,,
57.586,,,
57.603,,,
57.620,,,
57.637,,,
57.655,,,
57.672,,,
57.689,,,
57.706,,,
57.723,,,
57.740,,,
57.757,,,
57.774,,,
57.791,,,
57.808,,,
57.825,,,
57.842,,,
57.859,,,
57.876,,,
57.893,,,
57.910,,,
57.927,,,
57.944,-6.739,-6.068E-2,5.450E-3
57.961,,,
57.978,,,
57.995,,,
58.012,,,
58.029,,,
58.046,,,
58.064,,,
58.081,,,
58.098,,,
58.115,,,
58.132,,,
58.149,,,
58.166,,,
58.183,,,
58.200,,,
58.217,,,
58.234,,,
58.251,,,
58.268,,,
58.285,,,
58.302,,,
58.319,,,
58.336,,,
58.353,,,
58.370,,,
58.387,,,
58.404,,,
58.421,,,
58.438,,,
58.456,,,
58.473,,,
58.490,,,
58.507,,,
58.524,,,
58.541,,,
58.558,,,
58.575,,,
58.592,,,
58.609,,,
58.626,-6.778,-6.501E-2,-5.450E-3
58.643,,,
58.660,,,
58.677,,,
58.694,,,
58.711,,,
58.728,,,
58.745,,,
58.762,,,
58.779,,,
58.796,,,
58.813,,,
58.830,,,
58.847,,,
58.865,,,
58.882,,,
58.899,,,
58.916,,,
58.933,,,
58.950,,,
58.967,,,
58.984,,,
59.001,,,
59.018,,,
59.035,,,
59.052,,,
59.069,,,
59.086,,,
59.103,,,
59.120,,,
59.137,,,
59.154,,,
59.171,,,
59.188,,,
59.205,,,
59.222,,,
59.239,,,
59.257,,,
59.274,,,
59.291,,,
59.308,-6.828,-7.151E-2,-8.174E-3
59.325,,,
59.342,,,
59.359,,,
59.376,,,
59.393,,,
59.410,,,
59.427,,,
59.444,,,
59.461,,,
59.478,,,
59.495,,,
59.512,,,
59.529,,,
59.546,,,
59.563,,,
59.580,,,
59.597,,,
59.614,,,
59.631,,,
59.648,,,
59.666,,,
59.683,,,
59.700,,,
59.717,,,
59.734,,,
59.751,,,
59.768,,,
59.785,,,
59.802,,,
59.819,,,
59.836,,,
59.853,,,
59.870,,,
59.887,,,
59.904,,,
59.921,,,
59.938,,,
59.955,,,
59.972,,,
59.989,-6.875,-7.368E-2,-1.453E-2
60.006,,,
60.023,,,
60.040,,,
60.057,,,
60.075,,,
60.092,,,
60.109,,,
60.126,,,
60.143,,,
60.160,,,
60.177,,,
60.194,,,
60.211,,,
60.228,,,
60.245,,,
60.262,,,
60.279,,,
60.296,,,
60.313,,,
60.330,,,
60.347,,,
60.364,,,
60.381,,,
60.398,,,
60.415,,,
60.432,,,
60.449,,,
60.467,,,
60.484,,,
60.501,,,
60.518,,,
60.535,,,
60.552,,,
60.569,,,
60.586,,,
60.603,,,
60.620,,,
60.637,,,
60.654,,,
60.671,-6.929,-9.102E-2,-1.453E-2
60.688,,,
60.705,,,
60.722,,,
60.739,,,
60.756,,,
60.773,,,
60.790,,,
60.807,,,
60.824,,,
60.841,,,
60.858,,,
60.876,,,
60.893,,,
60.910,,,
60.927,,,
60.944,,,
60.961,,,
60.978,,,
60.995,,,
61.012,,,
61.029,,,
61.046,,,
61.063,,,
61.080,,,
61.097,,,
61.114,,,
61.131,,,
61.148,,,
61.165,,,
61.182,,,
61.199,,,
61.216,,,
61.233,,,
61.250,,,
61.268,,,
61.285,,,
61.302,,,
61.319,,,
61.336,,,
61.353,-6.999,-9.752E-2,-9.991E-3
61.370,,,
61.387,,,
61.404,,,
61.421,,,
61.438,,,
61.455,,,
61.472,,,
61.489,,,
61.506,,,
61.523,,,
61.540,,,
61.557,,,
61.574,,,
61.591,,,
61.608,,,
61.625,,,
61.642,,,
61.659,,,
61.677,,,
61.694,,,
61.711,,,
61.728,,,
61.745,,,
61.762,,,
61.779,,,
61.796,,,
61.813,,,
61.830,,,
61.847,,,
61.864,,,
61.881,,,
61.898,,,
61.915,,,
61.932,,,
61.949,,,
61.966,,,
61.983,,,
62.000,,,
62.017,,,
62.034,-7.061,-9.969E-2,5.450E-3
62.051,,,
62.069,,,
62.086,,,
62.103,,,
62.120,,,
62.137,,,
62.154,,,
62.171,,,
62.188,,,
62.205,,,
62.222,,,
62.239,,,
62.256,,,
62.273,,,
62.290,,,
62.307,,,
62.324,,,
62.341,,,
62.358,,,
62.375,,,
62.392,,,
62.409,,,
62.426,,,
62.443,,,
62.460,,,
62.478,,,
62.495,,,
62.512,,,
62.529,,,
62.546,,,
62.563,,,
62.580,,,
62.597,,,
62.614,,,
62.631,,,
62.648,,,
62.665,,,
62.682,,,
62.699,,,
62.716,-7.135,-9.535E-2,1.817E-2
62.733,,,
62.750,,,
62.767,,,
62.784,,,
62.801,,,
62.818,,,
62.835,,,
62.852,,,
62.869,,,
62.887,,,
62.904,,,
62.921,,,
62.938,,,
62.955,,,
62.972,,,
62.989,,,
63.006,,,
63.023,,,
63.040,,,
63.057,,,
63.074,,,
63.091,,,
63.108,,,
63.125,,,
63.142,,,
63.159,,,
63.176,,,
63.193,,,
63.210,,,
63.227,,,
63.244,,,
63.261,,,
63.279,,,
63.296,,,
63.313,,,
63.330,,,
63.347,,,
63.364,,,
63.381,,,
63.398,-7.191,-7.151E-2,2.997E-2
63.415,,,
63.432,,,
63.449,,,
63.466,,,
63.483,,,
63.500,,,
63.517,,,
63.534,,,
63.551,,,
63.568,,,
63.585,,,
63.602,,,
63.619,,,
63.636,,,
63.653,,,
63.670,,,
63.688,,,
63.705,,,
63.722,,,
63.739,,,
63.756,,,
63.773,,,
63.790,,,
63.807,,,
63.824,,,
63.841,,,
63.858,,,
63.875,,,
63.892,,,
63.909,,,
63.926,,,
63.943,,,
63.960,,,
63.977,,,
63.994,,,
64.011,,,
64.028,,,
64.045,,,
64.062,,,
64.080,-7.233,-5.418E-2,2.725E-3
64.097,,,
64.114,,,
64.131,,,
64.148,,,
64.165,,,
64.182,,,
64.199,,,
64.216,,,
64.233,,,
64.250,,,
64.267,,,
64.284,,,
64.301,,,
64.318,,,
64.335,,,
64.352,,,
64.369,,,
64.386,,,
64.403,,,
64.420,,,
64.437,,,
64.454,,,
64.471,,,
64.489,,,
64.506,,,
64.523,,,
64.540,,,
64.557,,,
64.574,,,
64.591,,,
64.608,,,
64.625,,,
64.642,,,
64.659,,,
64.676,,,
64.693,,,
64.710,,,
64.727,,,
64.744,,,
64.761,-7.265,-6.501E-2,-5.450E-3
64.778,,,
64.795,,,
64.812,,,
64.829,,,
64.846,,,
64.863,,,
64.881,,,
64.898,,,
64.915,,,
64.932,,,
64.949,,,
64.966,,,
64.983,,,
65.000,,,
65.017,,,
65.034,,,
65.051,,,
65.068,,,
65.085,,,
65.102,,,
65.119,,,
65.136,,,
65.153,,,
65.170,,,
65.187,,,
65.204,,,
65.221,,,
65.238,,,
65.255,,,
65.272,,,
65.290,,,
65.307,,,
65.324,,,
65.341,,,
65.358,,,
65.375,,,
65.392,,,
65.409,,,
65.426,,,
65.443,-7.321,-6.935E-2,-3.088E-2
65.460,,,
65.477,,,
65.494,,,
65.511,,,
65.528,,,
65.545,,,
65.562,,,
65.579,,,
65.596,,,
65.613,,,
65.630,,,
65.647,,,
65.664,,,
65.681,,,
65.699,,,
65.716,,,
65.733,,,
65.750,,,
65.767,,,
65.784,,,
65.801,,,
65.818,,,
65.835,,,
65.852,,,
65.869,,,
65.886,,,
65.903,,,
65.920,,,
65.937,,,
65.954,,,
65.971,,,
65.988,,,
66.005,,,
66.022,,,
66.039,,,
66.056,,,
66.073,,,
66.091,,,
66.108,,,
66.125,-7.360,-9.535E-2,-6.715E-2
66.142,,,
66.159,,,
66.176,,,
66.193,,,
66.210,,,
66.227,,,
66.244,,,
66.261,,,
66.278,,,
66.295,,,
66.312,,,
66.329,,,
66.346,,,
66.363,,,
66.380,,,
66.397,,,
66.414,,,
66.431,,,
66.448,,,
66.465,,,
66.482,,,
66.500,,,
66.517,,,
66.534,,,
66.551,,,
66.568,,,
66.585,,,
66.602,,,
66.619,,,
66.636,,,
66.653,,,
66.670,,,
66.687,,,
66.704,,,
66.721,,,
66.738,,,
66.755,,,
66.772,,,
66.789,,,
66.806,-7.451,-0.169,-3.199E-2
66.823,,,
66.840,,,
66.857,,,
66.874,,,
66.892,,,
66.909,,,
66.926,,,
66.943,,,
66.960,,,
66.977,,,
66.994,,,
67.011,,,
67.028,,,
67.045,,,
67.062,,,
67.079,,,
67.096,,,
67.113,,,
67.130,,,
67.147,,,
67.164,,,
67.181,,,
67.198,,,
67.215,,,
67.232,,,
67.249,,,
67.266,,,
67.283,,,
67.301,,,
67.318,,,
67.335,,,
67.352,,,
67.369,,,
67.386,,,
67.403,,,
67.420,,,
67.437,,,
67.454,,,
67.471,,,
67.488,-7.590,-0.151,5.530E-2
67.505,,,
67.522,,,
67.539,,,
67.556,,,
67.573,,,
67.590,,,
67.607,,,
67.624,,,
67.641,,,
67.658,,,
67.675,,,
67.692,,,
67.710,,,
67.727,,,
67.744,,,
67.761,,,
67.778,,,
67.795,,,
67.812,,,
67.829,,,
67.846,,,
67.863,,,
67.880,,,
67.897,,,
67.914,,,
67.931,,,
67.948,,,
67.965,,,
67.982,,,
67.999,,,
68.016,,,
68.033,,,
68.050,,,
68.067,,,
68.084,,,
68.102,,,
68.119,,,
68.136,,,
68.153,,,
68.170,-7.657,-7.661E-2,6.733E-2
68.187,,,
68.204,,,
68.221,,,
68.238,,,
68.255,,,
68.272,,,
68.289,,,
68.306,,,
68.323,,,
68.340,,,
68.357,,,
68.374,,,
68.391,,,
68.408,,,
68.425,,,
68.442,,,
68.459,,,
68.476,,,
68.493,,,
68.511,,,
68.528,,,
68.545,,,
68.562,,,
68.579,,,
68.596,,,
68.613,,,
68.630,,,
68.647,,,
68.664,,,
68.681,,,
68.698,,,
68.715,,,
68.732,,,
68.749,,,
68.766,,,
68.783,,,
68.800,,,
68.817,,,
68.834,,,
68.851,-7.695,-5.976E-2,7.064E-3
68.868,,,
68.885,,,
68.903,,,
68.920,,,
68.937,,,
68.954,,,
68.971,,,
68.988,,,
69.005,,,
69.022,,,
69.039,,,
69.056,,,
69.073,,,
69.090,,,
69.107,,,
69.124,,,
69.141,,,
69.158,,,
69.175,,,
69.192,,,
69.209,,,
69.226,,,
69.243,,,
69.260,,,
69.277,,,
69.294,,,
69.312,,,
69.329,,,
69.346,,,
69.363,,,
69.380,,,
69.397,,,
69.414,,,
69.431,,,
69.448,,,
69.465,,,
69.482,,,
69.499,,,
69.516,,,
69.533,-7.739,-7.048E-2,1.284E-3
69.550,,,
69.567,,,
69.584,,,
69.601,,,
69.618,,,
69.635,,,
69.652,,,
69.669,,,
69.686,,,
69.704,,,
69.721,,,
69.738,,,
69.755,,,
69.772,,,
69.789,,,
69.806,,,
69.823,,,
69.840,,,
69.857,,,
69.874,,,
69.891,,,
69.908,,,
69.925,,,
69.942,,,
69.959,,,
69.976,,,
69.993,,,
70.010,,,
70.027,,,
70.044,,,
70.061,,,
70.078,,,
70.095,,,
70.113,,,
70.130,,,
70.147,,,
70.164,,,
70.181,,,
70.198,,,
70.215,-7.791,-6.129E-2,1.798E-2
70.232,,,
70.249,,,
70.266,,,
70.283,,,
70.300,,,
70.317,,,
70.334,,,
70.351,,,
70.368,,,
70.385,,,
70.402,,,
70.419,,,
70.436,,,
70.453,,,
70.470,,,
70.487,,,
70.504,,,
70.522,,,
70.539,,,
70.556,,,
70.573,,,
70.590,,,
70.607,,,
70.624,,,
70.641,,,
70.658,,,
70.675,,,
70.692,,,
70.709,,,
70.726,,,
70.743,,,
70.760,,,
70.777,,,
70.794,,,
70.811,,,
70.828,,,
70.845,,,
70.862,,,
70.879,,,
70.896,-7.822,-4.137E-2,-2.248E-2
70.914,,,
70.931,,,
70.948,,,
70.965,,,
70.982,,,
70.999,,,
71.016,,,
71.033,,,
71.050,,,
71.067,,,
71.084,,,
71.101,,,
71.118,,,
71.135,,,
71.152,,,
71.169,,,
71.186,,,
71.203,,,
71.220,,,
71.237,,,
71.254,,,
71.271,,,
71.288,,,
71.305,,,
71.323,,,
71.340,,,
71.357,,,
71.374,,,
71.391,,,
71.408,,,
71.425,,,
71.442,,,
71.459,,,
71.476,,,
71.493,,,
71.510,,,
71.527,,,
71.544,,,
71.561,,,
71.578,-7.847,-8.581E-2,-2.954E-2
71.595,,,
71.612,,,
71.629,,,
71.646,,,
71.663,,,
71.680,,,
71.697,,,
71.715,,,
71.732,,,
71.749,,,
71.766,,,
71.783,,,
71.800,,,
71.817,,,
71.834,,,
71.851,,,
71.868,,,
71.885,,,
71.902,,,
71.919,,,
71.936,,,
71.953,,,
71.970,,,
71.987,,,
72.004,,,
72.021,,,
72.038,,,
72.055,,,
72.072,,,
72.089,,,
72.106,,,
72.124,,,
72.141,,,
72.158,,,
72.175,,,
72.192,,,
72.209,,,
72.226,,,
72.243,,,
72.260,-7.939,-0.101,3.853E-3
72.277,,,
72.294,,,
72.311,,,
72.328,,,
72.345,,,
72.362,,,
72.379,,,
72.396,,,
72.413,,,
72.430,,,
72.447,,,
72.464,,,
72.481,,,
72.498,,,
72.516,,,
72.533,,,
72.550,,,
72.567,,,
72.584,,,
72.601,,,
72.618,,,
72.635,,,
72.652,,,
72.669,,,
72.686,,,
72.703,,,
72.720,,,
72.737,,,
72.754,,,
72.771,,,
72.788,,,
72.805,,,
72.822,,,
72.839,,,
72.856,,,
72.873,,,
72.890,,,
72.907,,,
72.925,,,
72.942,-7.985,-6.436E-2,1.927E-2
72.959,,,
72.976,,,
72.993,,,
73.010,,,
73.027,,,
73.044,,,
73.061,,,
73.078,,,
73.095,,,
73.112,,,
73.129,,,
73.146,,,
73.163,,,
73.180,,,
73.197,,,
73.214,,,
73.231,,,
73.248,,,
73.265,,,
73.282,,,
73.299,,,
73.316,,,
73.334,,,
73.351,,,
73.368,,,
73.385,,,
73.402,,,
73.419,,,
73.436,,,
73.453,,,
73.470,,,
73.487,,,
73.504,,,
73.521,,,
73.538,,,
73.555,,,
73.572,,,
73.589,,,
73.606,,,
73.623,-8.027,-7.661E-2,-1.541E-2
73.640,,,
73.657,,,
73.674,,,
73.691,,,
73.708,,,
73.726,,,
73.743,,,
73.760,,,
73.777,,,
73.794,,,
73.811,,,
73.828,,,
73.845,,,
73.862,,,
73.879,,,
73.896,,,
73.913,,,
73.930,,,
73.947,,,
73.964,,,
73.981,,,
73.998,,,
74.015,,,
74.032,,,
74.049,,,
74.066,,,
74.083,,,
74.100,,,
74.117,,,
74.135,,,
74.152,,,
74.169,,,
74.186,,,
74.203,,,
74.220,,,
74.237,,,
74.254,,,
74.271,,,
74.288,,,
74.305,-8.090,-9.040E-2,6.422E-4
74.322,,,
74.339,,,
74.356,,,
74.373,,,
74.390,,,
74.407,,,
74.424,,,
74.441,,,
74.458,,,
74.475,,,
74.492,,,
74.509,,,
74.527,,,
74.544,,,
74.561,,,
74.578,,,
74.595,,,
74.612,,,
74.629,,,
74.646,,,
74.663,,,
74.680,,,
74.697,,,
74.714,,,
74.731,,,
74.748,,,
74.765,,,
74.782,,,
74.799,,,
74.816,,,
74.833,,,
74.850,,,
74.867,,,
74.884,,,
74.901,,,
74.918,,,
74.936,,,
74.953,,,
74.970,,,
74.987,-8.150,-7.508E-2,1.734E-2
75.004,,,
75.021,,,
75.038,,,
75.055,,,
75.072,,,
75.089,,,
75.106,,,
75.123,,,
75.140,,,
75.157,,,
75.174,,,
75.191,,,
75.208,,,
75.225,,,
75.242,,,
75.259,,,
75.276,,,
75.293,,,
75.310,,,
75.328,,,
75.345,,,
75.362,,,
75.379,,,
75.396,,,
75.413,,,
75.430,,,
75.447,,,
75.464,,,
75.481,,,
75.498,,,
75.515,,,
75.532,,,
75.549,,,
75.566,,,
75.583,,,
75.600,,,
75.617,,,
75.634,,,
75.651,,,
75.668,-8.192,-6.282E-2,-1.862E-2
75.685,,,
75.702,,,
75.719,,,
75.737,,,
75.754,,,
75.771,,,
75.788,,,
75.805,,,
75.822,,,
75.839,,,
75.856,,,
75.873,,,
75.890,,,
75.907,,,
75.924,,,
75.941,,,
75.958,,,
75.975,,,
75.992,,,
76.009,,,
76.026,,,
76.043,,,
76.060,,,
76.077,,,
76.094,,,
76.111,,,
76.128,,,
76.146,,,
76.163,,,
76.180,,,
76.197,,,
76.214,,,
76.231,,,
76.248,,,
76.265,,,
76.282,,,
76.299,,,
76.316,,,
76.333,,,
76.350,-8.236,-9.807E-2,-1.670E-2
76.367,,,
76.384,,,
76.401,,,
76.418,,,
76.435,,,
76.452,,,
76.469,,,
76.486,,,
76.503,,,
76.520,,,
76.538,,,
76.555,,,
76.572,,,
76.589,,,
76.606,,,
76.623,,,
76.640,,,
76.657,,,
76.674,,,
76.691,,,
76.708,,,
76.725,,,
76.742,,,
76.759,,,
76.776,,,
76.793,,,
76.810,,,
76.827,,,
76.844,,,
76.861,,,
76.878,,,
76.895,,,
76.912,,,
76.929,,,
76.947,,,
76.964,,,
76.981,,,
76.998,,,
77.015,,,
77.032,-8.326,-9.960E-2,1.477E-2
77.049,,,
77.066,,,
77.083,,,
77.100,,,
77.117,,,
77.134,,,
77.151,,,
77.168,,,
77.185,,,
77.202,,,
77.219,,,
77.236,,,
77.253,,,
77.270,,,
77.287,,,
77.304,,,
77.321,,,
77.339,,,
77.356,,,
77.373,,,
77.390,,,
77.407,,,
77.424,,,
77.441,,,
77.458,,,
77.475,,,
77.492,,,
77.509,,,
77.526,,,
77.543,,,
77.560,,,
77.577,,,
77.594,,,
77.611,,,
77.628,,,
77.645,,,
77.662,,,
77.679,,,
77.696,,,
77.713,-8.372,-6.436E-2,2.055E-2
77.730,,,
77.748,,,
77.765,,,
77.782,,,
77.799,,,
77.816,,,
77.833,,,
77.850,,,
77.867,,,
77.884,,,
77.901,,,
77.918,,,
77.935,,,
77.952,,,
77.969,,,
77.986,,,
78.003,,,
78.020,,,
78.037,,,
78.054,,,
78.071,,,
78.088,,,
78.105,,,
78.122,,,
78.140,,,
78.157,,,
78.174,,,
78.191,,,
78.208,,,
78.225,,,
78.242,,,
78.259,,,
78.276,,,
78.293,,,
78.310,,,
78.327,,,
78.344,,,
78.361,,,
78.378,,,
78.395,-8.413,-7.355E-2,-1.927E-2
78.412,,,
78.429,,,
78.446,,,
78.463,,,
78.480,,,
78.497,,,
78.514,,,
78.531,,,
78.549,,,
78.566,,,
78.583,,,
78.600,,,
78.617,,,
78.634,,,
78.651,,,
78.668,,,
78.685,,,
78.702,,,
78.719,,,
78.736,,,
78.753,,,
78.770,,,
78.787,,,
78.804,,,
78.821,,,
78.838,,,
78.855,,,
78.872,,,
78.889,,,
78.906,,,
78.923,,,
78.940,,,
78.958,,,
78.975,,,
78.992,,,
79.009,,,
79.026,,,
79.043,,,
79.060,,,
79.077,-8.472,-9.347E-2,1.927E-3
79.094,,,
79.111,,,
79.128,,,
79.145,,,
79.162,,,
79.179,,,
79.196,,,
79.213,,,
79.230,,,
79.247,,,
79.264,,,
79.281,,,
79.298,,,
79.315,,,
79.332,,,
79.350,,,
79.367,,,
79.384,,,
79.401,,,
79.418,,,
79.435,,,
79.452,,,
79.469,,,
79.486,,,
79.503,,,
79.520,,,
79.537,,,
79.554,,,
79.571,,,
79.588,,,
79.605,,,
79.622,,,
79.639,,,
79.656,,,
79.673,,,
79.690,,,
79.707,,,
79.724,,,
79.741,,,
79.759,-8.541,-7.508E-2,1.477E-2
79.776,,,
79.793,,,
79.810,,,
79.827,,,
79.844,,,
79.861,,,
79.878,,,
79.895,,,
79.912,,,
79.929,,,
79.946,,,
79.963,,,
79.980,,,
79.997,,,
80.014,,,
80.031,,,
80.048,,,
80.065,,,
80.082,,,
80.099,,,
80.116,,,
80.133,,,
80.151,,,
80.168,,,
80.185,,,
80.202,,,
80.219,,,
80.236,,,
80.253,,,
80.270,,,
80.287,,,
80.304,,,
80.321,,,
80.338,,,
80.355,,,
80.372,,,
80.389,,,
80.406,,,
80.423,,,
80.440,-8.574,-6.282E-2,1.220E-2
80.457,,,
80.474,,,
80.491,,,
80.508,,,
80.525,,,
80.542,,,
80.560,,,
80.577,,,
80.594,,,
80.611,,,
80.628,,,
80.645,,,
80.662,,,
80.679,,,
80.696,,,
80.713,,,
80.730,,,
80.747,,,
80.764,,,
80.781,,,
80.798,,,
80.815,,,
80.832,,,
80.849,,,
80.866,,,
80.883,,,
80.900,,,
80.917,,,
80.934,,,
80.952,,,
80.969,,,
80.986,,,
81.003,,,
81.020,,,
81.037,,,
81.054,,,
81.071,,,
81.088,,,
81.105,,,
81.122,-8.626,-6.742E-2,6.422E-3
81.139,,,
81.156,,,
81.173,,,
81.190,,,
81.207,,,
81.224,,,
81.241,,,
81.258,,,
81.275,,,
81.292,,,
81.309,,,
81.326,,,
81.343,,,
81.361,,,
81.378,,,
81.395,,,
81.412,,,
81.429,,,
81.446,,,
81.463,,,
81.480,,,
81.497,,,
81.514,,,
81.531,,,
81.548,,,
81.565,,,
81.582,,,
81.599,,,
81.616,,,
81.633,,,
81.650,,,
81.667,,,
81.684,,,
81.701,,,
81.718,,,
81.735,,,
81.752,,,
81.770,,,
81.787,,,
81.804,-8.666,-5.057E-2,9.633E-3
81.821,,,
81.838,,,
81.855,,,
81.872,,,
81.889,,,
81.906,,,
81.923,,,
81.940,,,
81.957,,,
81.974,,,
81.991,,,
82.008,,,
82.025,,,
82.042,,,
82.059,,,
82.076,,,
82.093,,,
82.110,,,
82.127,,,
82.144,,,
82.162,,,
82.179,,,
82.196,,,
82.213,,,
82.230,,,
82.247,,,
82.264,,,
82.281,,,
82.298,,,
82.315,,,
82.332,,,
82.349,,,
82.366,,,
82.383,,,
82.400,,,
82.417,,,
82.434,,,
82.451,,,
82.468,,,
82.485,-8.695,-5.210E-2,-1.284E-3
82.502,,,
82.519,,,
82.536,,,
82.553,,,
82.571,,,
82.588,,,
82.605,,,
82.622,,,
82.639,,,
82.656,,,
82.673,,,
82.690,,,
82.707,,,
82.724,,,
82.741,,,
82.758,,,
82.775,,,
82.792,,,
82.809,,,
82.826,,,
82.843,,,
82.860,,,
82.877,,,
82.894,,,
82.911,,,
82.928,,,
82.945,,,
82.963,,,
82.980,,,
82.997,,,
83.014,,,
83.031,,,
83.048,,,
83.065,,,
83.082,,,
83.099,,,
83.116,,,
83.133,,,
83.150,,,
83.167,-8.737,-5.669E-2,-1.927E-3
83.184,,,
83.201,,,
83.218,,,
83.235,,,
83.252,,,
83.269,,,
83.286,,,
83.303,,,
83.320,,,
83.337,,,
83.354,,,
83.372,,,
83.389,,,
83.406,,,
83.423,,,
83.440,,,
83.457,,,
83.474,,,
83.491,,,
83.508,,,
83.525,,,
83.542,,,
83.559,,,
83.576,,,
83.593,,,
83.610,,,
83.627,,,
83.644,,,
83.661,,,
83.678,,,
83.695,,,
83.712,,,
83.729,,,
83.746,,,
83.764,,,
83.781,,,
83.798,,,
83.815,,,
83.832,,,
83.849,-8.773,-5.210E-2,5.138E-3
83.866,,,
83.883,,,
83.900,,,
83.917,,,
83.934,,,
83.951,,,
83.968,,,
83.985,,,
84.002,,,
84.019,,,
84.036,,,
84.053,,,
84.070,,,
84.087,,,
84.104,,,
84.121,,,
84.138,,,
84.155,,,
84.173,,,
84.190,,,
84.207,,,
84.224,,,
84.241,,,
84.258,,,
84.275,,,
84.292,,,
84.309,,,
84.326,,,
84.343,,,
84.360,,,
84.377,,,
84.394,,,
84.411,,,
84.428,,,
84.445,,,
84.462,,,
84.479,,,
84.496,,,
84.513,,,
84.530,-8.808,-5.057E-2,3.211E-3
84.547,,,
84.564,,,
84.582,,,
84.599,,,
84.616,,,
84.633,,,
84.650,,,
84.667,,,
84.684,,,
84.701,,,
84.718,,,
84.735,,,
84.752,,,
84.769,,,
84.786,,,
84.803,,,
84.820,,,
84.837,,,
84.854,,,
84.871,,,
84.888,,,
84.905,,,
84.922,,,
84.939,,,
84.956,,,
84.974,,,
84.991,,,
85.008,,,
85.025,,,
85.042,,,
85.059,,,
85.076,,,
85.093,,,
85.110,,,
85.127,,,
85.144,,,
85.161,,,
85.178,,,
85.195,,,
85.212,-8.842,-4.750E-2,7.064E-3
85.229,,,
85.246,,,
85.263,,,
85.280,,,
85.297,,,
85.314,,,
85.331,,,
85.348,,,
85.365,,,
85.383,,,
85.400,,,
85.417,,,
85.434,,,
85.451,,,
85.468,,,
85.485,,,
85.502,,,
85.519,,,
85.536,,,
85.553,,,
85.570,,,
85.587,,,
85.604,,,
85.621,,,
85.638,,,
85.655,,,
85.672,,,
85.689,,,
85.706,,,
85.723,,,
85.740,,,
85.757,,,
85.775,,,
85.792,,,
85.809,,,
85.826,,,
85.843,,,
85.860,,,
85.877,,,
85.894,-8.873,-4.137E-2,1.927E-3
85.911,,,
85.928,,,
85.945,,,
85.962,,,
85.979,,,
85.996,,,
86.013,,,
86.030,,,
86.047,,,
86.064,,,
86.081,,,
86.098,,,
86.115,,,
86.132,,,
86.149,,,
86.166,,,
86.184,,,
86.201,,,
86.218,,,
86.235,,,
86.252,,,
86.269,,,
86.286,,,
86.303,,,
86.320,,,
86.337,,,
86.354,,,
86.371,,,
86.388,,,
86.405,,,
86.422,,,
86.439,,,
86.456,,,
86.473,,,
86.490,,,
86.507,,,
86.524,,,
86.541,,,
86.558,,,
86.576,-8.898,-4.290E-2,
86.593,,,
86.610,,,
86.627,,,
86.644,,,
86.661,,,
86.678,,,
86.695,,,
86.712,,,
86.729,,,
86.746,,,
86.763,,,
86.780,,,
86.797,,,
86.814,,,
86.831,,,
86.848,,,
86.865,,,
86.882,,,
86.899,,,
86.916,,,
86.933,,,
86.950,,,
86.967,,,
86.985,,,
87.002,,,
87.019,,,
87.036,,,
87.053,,,
87.070,,,
87.087,,,
87.104,,,
87.121,,,
87.138,,,
87.155,,,
87.172,,,
87.189,,,
87.206,,,
87.223,,,
87.240,,,
87.257,-8.931,,
